<stg><name>mat_multi</name>


<trans_list>

<trans id="64" from="1" to="2">
<condition id="-1">
<or_exp><and_exp></and_exp></or_exp>
</condition>
</trans>

<trans id="65" from="2" to="3">
<condition id="-1">
<or_exp><and_exp><literal name="icmp_ln8" val="0"/>
</and_exp></or_exp>
</condition>
</trans>

<trans id="66" from="3" to="4">
<condition id="-1">
<or_exp><and_exp><literal name="icmp_ln10" val="0"/>
</and_exp></or_exp>
</condition>
</trans>

<trans id="73" from="3" to="2">
<condition id="-1">
<or_exp><and_exp><literal name="icmp_ln10" val="1"/>
</and_exp></or_exp>
</condition>
</trans>

<trans id="67" from="4" to="5">
<condition id="-1">
<or_exp><and_exp><literal name="icmp_ln13" val="0"/>
</and_exp></or_exp>
</condition>
</trans>

<trans id="72" from="4" to="3">
<condition id="-1">
<or_exp><and_exp><literal name="icmp_ln13" val="1"/>
</and_exp></or_exp>
</condition>
</trans>

<trans id="69" from="5" to="6">
<condition id="-1">
<or_exp><and_exp></and_exp></or_exp>
</condition>
</trans>

<trans id="70" from="6" to="7">
<condition id="-1">
<or_exp><and_exp></and_exp></or_exp>
</condition>
</trans>

<trans id="71" from="7" to="4">
<condition id="-1">
<or_exp><and_exp></and_exp></or_exp>
</condition>
</trans>
</trans_list>



<state_list>

<state id="1" st_id="1">

<operation id="8" st_id="1" stage="1" lat="1">
<core>NULL</core>
<MemPortIdVec></MemPortIdVec>
<condition id="-1">
<or_exp><and_exp></and_exp></or_exp>
</condition>

<Node id="4" bw="0" op_0_bw="0" op_1_bw="32">
<![CDATA[
:0  call void (...)* @_ssdm_op_SpecBitsMap([16 x i32]* %A) nounwind, !map !7

]]></Node>
<StgValue><ssdm name="specbitsmap_ln0"/></StgValue>
</operation>

<operation id="9" st_id="1" stage="1" lat="1">
<core>NULL</core>
<MemPortIdVec></MemPortIdVec>
<condition id="-1">
<or_exp><and_exp></and_exp></or_exp>
</condition>

<Node id="5" bw="0" op_0_bw="0" op_1_bw="32">
<![CDATA[
:1  call void (...)* @_ssdm_op_SpecBitsMap([16 x i32]* %B) nounwind, !map !13

]]></Node>
<StgValue><ssdm name="specbitsmap_ln0"/></StgValue>
</operation>

<operation id="10" st_id="1" stage="1" lat="1">
<core>NULL</core>
<MemPortIdVec></MemPortIdVec>
<condition id="-1">
<or_exp><and_exp></and_exp></or_exp>
</condition>

<Node id="6" bw="0" op_0_bw="0" op_1_bw="32">
<![CDATA[
:2  call void (...)* @_ssdm_op_SpecBitsMap([16 x i32]* %C) nounwind, !map !17

]]></Node>
<StgValue><ssdm name="specbitsmap_ln0"/></StgValue>
</operation>

<operation id="11" st_id="1" stage="1" lat="1">
<core>NULL</core>
<MemPortIdVec></MemPortIdVec>
<condition id="-1">
<or_exp><and_exp></and_exp></or_exp>
</condition>

<Node id="7" bw="0" op_0_bw="0" op_1_bw="0">
<![CDATA[
:3  call void (...)* @_ssdm_op_SpecTopModule([10 x i8]* @mat_multi_str) nounwind

]]></Node>
<StgValue><ssdm name="spectopmodule_ln0"/></StgValue>
</operation>

<operation id="12" st_id="1" stage="1" lat="1">
<core>NULL</core>
<MemPortIdVec></MemPortIdVec>
<condition id="-1">
<or_exp><and_exp></and_exp></or_exp>
</condition>

<Node id="8" bw="0" op_0_bw="0">
<![CDATA[
:4  br label %1

]]></Node>
<StgValue><ssdm name="br_ln8"/></StgValue>
</operation>
</state>

<state id="2" st_id="2">

<operation id="13" st_id="2" stage="1" lat="1">
<core>NULL</core>
<MemPortIdVec></MemPortIdVec>
<condition id="-1">
<or_exp><and_exp></and_exp></or_exp>
</condition>

<Node id="10" bw="3" op_0_bw="3" op_1_bw="0" op_2_bw="3" op_3_bw="0">
<![CDATA[
:0  %i_0 = phi i3 [ 0, %0 ], [ %i, %multi_loop_1_end ]

]]></Node>
<StgValue><ssdm name="i_0"/></StgValue>
</operation>

<operation id="14" st_id="2" stage="1" lat="1">
<core>Cmp</core>
<MemPortIdVec></MemPortIdVec>
<condition id="-1">
<or_exp><and_exp></and_exp></or_exp>
</condition>

<Node id="11" bw="1" op_0_bw="3" op_1_bw="3">
<![CDATA[
:1  %icmp_ln8 = icmp eq i3 %i_0, -4

]]></Node>
<StgValue><ssdm name="icmp_ln8"/></StgValue>
</operation>

<operation id="15" st_id="2" stage="1" lat="1">
<core>NULL</core>
<MemPortIdVec></MemPortIdVec>
<condition id="-1">
<or_exp><and_exp></and_exp></or_exp>
</condition>

<Node id="12" bw="32" op_0_bw="32" op_1_bw="64" op_2_bw="64" op_3_bw="64">
<![CDATA[
:2  %empty = call i32 (...)* @_ssdm_op_SpecLoopTripCount(i64 4, i64 4, i64 4) nounwind

]]></Node>
<StgValue><ssdm name="empty"/></StgValue>
</operation>

<operation id="16" st_id="2" stage="1" lat="1">
<core>AddSub</core>
<MemPortIdVec></MemPortIdVec>
<condition id="-1">
<or_exp><and_exp></and_exp></or_exp>
</condition>

<Node id="13" bw="3" op_0_bw="3" op_1_bw="3">
<![CDATA[
:3  %i = add i3 %i_0, 1

]]></Node>
<StgValue><ssdm name="i"/></StgValue>
</operation>

<operation id="17" st_id="2" stage="1" lat="1">
<core>NULL</core>
<MemPortIdVec></MemPortIdVec>
<condition id="-1">
<or_exp><and_exp></and_exp></or_exp>
</condition>

<Node id="14" bw="0" op_0_bw="1" op_1_bw="0" op_2_bw="0">
<![CDATA[
:4  br i1 %icmp_ln8, label %5, label %multi_loop_1_begin

]]></Node>
<StgValue><ssdm name="br_ln8"/></StgValue>
</operation>

<operation id="18" st_id="2" stage="1" lat="1">
<core>NULL</core>
<MemPortIdVec></MemPortIdVec>
<condition id="-1">
<or_exp><and_exp><literal name="icmp_ln8" val="0"/>
</and_exp></or_exp>
</condition>

<Node id="16" bw="0" op_0_bw="0" op_1_bw="0">
<![CDATA[
multi_loop_1_begin:0  call void (...)* @_ssdm_op_SpecLoopName([13 x i8]* @p_str) nounwind

]]></Node>
<StgValue><ssdm name="specloopname_ln8"/></StgValue>
</operation>

<operation id="19" st_id="2" stage="1" lat="1">
<core>NULL</core>
<MemPortIdVec></MemPortIdVec>
<condition id="-1">
<or_exp><and_exp><literal name="icmp_ln8" val="0"/>
</and_exp></or_exp>
</condition>

<Node id="17" bw="32" op_0_bw="32" op_1_bw="0">
<![CDATA[
multi_loop_1_begin:1  %tmp = call i32 (...)* @_ssdm_op_SpecRegionBegin([13 x i8]* @p_str) nounwind

]]></Node>
<StgValue><ssdm name="tmp"/></StgValue>
</operation>

<operation id="20" st_id="2" stage="1" lat="1">
<core>NULL</core>
<MemPortIdVec></MemPortIdVec>
<condition id="-1">
<or_exp><and_exp><literal name="icmp_ln8" val="0"/>
</and_exp></or_exp>
</condition>

<Node id="18" bw="5" op_0_bw="5" op_1_bw="3" op_2_bw="2">
<![CDATA[
multi_loop_1_begin:2  %tmp_2 = call i5 @_ssdm_op_BitConcatenate.i5.i3.i2(i3 %i_0, i2 0)

]]></Node>
<StgValue><ssdm name="tmp_2"/></StgValue>
</operation>

<operation id="21" st_id="2" stage="1" lat="1">
<core>NULL</core>
<MemPortIdVec></MemPortIdVec>
<condition id="-1">
<or_exp><and_exp><literal name="icmp_ln8" val="0"/>
</and_exp></or_exp>
</condition>

<Node id="19" bw="6" op_0_bw="5">
<![CDATA[
multi_loop_1_begin:3  %zext_ln10 = zext i5 %tmp_2 to i6

]]></Node>
<StgValue><ssdm name="zext_ln10"/></StgValue>
</operation>

<operation id="22" st_id="2" stage="1" lat="1">
<core>NULL</core>
<MemPortIdVec></MemPortIdVec>
<condition id="-1">
<or_exp><and_exp><literal name="icmp_ln8" val="0"/>
</and_exp></or_exp>
</condition>

<Node id="20" bw="0" op_0_bw="0">
<![CDATA[
multi_loop_1_begin:4  br label %2

]]></Node>
<StgValue><ssdm name="br_ln10"/></StgValue>
</operation>

<operation id="23" st_id="2" stage="1" lat="1">
<core>NULL</core>
<MemPortIdVec></MemPortIdVec>
<condition id="-1">
<or_exp><and_exp><literal name="icmp_ln8" val="1"/>
</and_exp></or_exp>
</condition>

<Node id="66" bw="0">
<![CDATA[
:0  ret void

]]></Node>
<StgValue><ssdm name="ret_ln18"/></StgValue>
</operation>
</state>

<state id="3" st_id="3">

<operation id="24" st_id="3" stage="1" lat="1">
<core>NULL</core>
<MemPortIdVec></MemPortIdVec>
<condition id="-1">
<or_exp><and_exp></and_exp></or_exp>
</condition>

<Node id="22" bw="3" op_0_bw="3" op_1_bw="0" op_2_bw="3" op_3_bw="0">
<![CDATA[
:0  %j_0 = phi i3 [ 0, %multi_loop_1_begin ], [ %j, %multi_loop_2_end ]

]]></Node>
<StgValue><ssdm name="j_0"/></StgValue>
</operation>

<operation id="25" st_id="3" stage="1" lat="1">
<core>Cmp</core>
<MemPortIdVec></MemPortIdVec>
<condition id="-1">
<or_exp><and_exp></and_exp></or_exp>
</condition>

<Node id="23" bw="1" op_0_bw="3" op_1_bw="3">
<![CDATA[
:1  %icmp_ln10 = icmp eq i3 %j_0, -4

]]></Node>
<StgValue><ssdm name="icmp_ln10"/></StgValue>
</operation>

<operation id="26" st_id="3" stage="1" lat="1">
<core>NULL</core>
<MemPortIdVec></MemPortIdVec>
<condition id="-1">
<or_exp><and_exp></and_exp></or_exp>
</condition>

<Node id="24" bw="32" op_0_bw="32" op_1_bw="64" op_2_bw="64" op_3_bw="64">
<![CDATA[
:2  %empty_2 = call i32 (...)* @_ssdm_op_SpecLoopTripCount(i64 4, i64 4, i64 4) nounwind

]]></Node>
<StgValue><ssdm name="empty_2"/></StgValue>
</operation>

<operation id="27" st_id="3" stage="1" lat="1">
<core>AddSub</core>
<MemPortIdVec></MemPortIdVec>
<condition id="-1">
<or_exp><and_exp></and_exp></or_exp>
</condition>

<Node id="25" bw="3" op_0_bw="3" op_1_bw="3">
<![CDATA[
:3  %j = add i3 %j_0, 1

]]></Node>
<StgValue><ssdm name="j"/></StgValue>
</operation>

<operation id="28" st_id="3" stage="1" lat="1">
<core>NULL</core>
<MemPortIdVec></MemPortIdVec>
<condition id="-1">
<or_exp><and_exp></and_exp></or_exp>
</condition>

<Node id="26" bw="0" op_0_bw="1" op_1_bw="0" op_2_bw="0">
<![CDATA[
:4  br i1 %icmp_ln10, label %multi_loop_1_end, label %multi_loop_2_begin

]]></Node>
<StgValue><ssdm name="br_ln10"/></StgValue>
</operation>

<operation id="29" st_id="3" stage="1" lat="1">
<core>NULL</core>
<MemPortIdVec></MemPortIdVec>
<condition id="-1">
<or_exp><and_exp><literal name="icmp_ln10" val="0"/>
</and_exp></or_exp>
</condition>

<Node id="28" bw="0" op_0_bw="0" op_1_bw="0">
<![CDATA[
multi_loop_2_begin:0  call void (...)* @_ssdm_op_SpecLoopName([13 x i8]* @p_str1) nounwind

]]></Node>
<StgValue><ssdm name="specloopname_ln10"/></StgValue>
</operation>

<operation id="30" st_id="3" stage="1" lat="1">
<core>NULL</core>
<MemPortIdVec></MemPortIdVec>
<condition id="-1">
<or_exp><and_exp><literal name="icmp_ln10" val="0"/>
</and_exp></or_exp>
</condition>

<Node id="29" bw="32" op_0_bw="32" op_1_bw="0">
<![CDATA[
multi_loop_2_begin:1  %tmp_1 = call i32 (...)* @_ssdm_op_SpecRegionBegin([13 x i8]* @p_str1) nounwind

]]></Node>
<StgValue><ssdm name="tmp_1"/></StgValue>
</operation>

<operation id="31" st_id="3" stage="1" lat="1">
<core>NULL</core>
<MemPortIdVec></MemPortIdVec>
<condition id="-1">
<or_exp><and_exp><literal name="icmp_ln10" val="0"/>
</and_exp></or_exp>
</condition>

<Node id="30" bw="6" op_0_bw="3">
<![CDATA[
multi_loop_2_begin:2  %zext_ln11 = zext i3 %j_0 to i6

]]></Node>
<StgValue><ssdm name="zext_ln11"/></StgValue>
</operation>

<operation id="32" st_id="3" stage="1" lat="1">
<core>AddSub</core>
<MemPortIdVec></MemPortIdVec>
<condition id="-1">
<or_exp><and_exp><literal name="icmp_ln10" val="0"/>
</and_exp></or_exp>
</condition>

<Node id="31" bw="6" op_0_bw="6" op_1_bw="6">
<![CDATA[
multi_loop_2_begin:3  %add_ln11 = add i6 %zext_ln10, %zext_ln11

]]></Node>
<StgValue><ssdm name="add_ln11"/></StgValue>
</operation>

<operation id="33" st_id="3" stage="1" lat="1">
<core>NULL</core>
<MemPortIdVec></MemPortIdVec>
<condition id="-1">
<or_exp><and_exp><literal name="icmp_ln10" val="0"/>
</and_exp></or_exp>
</condition>

<Node id="32" bw="64" op_0_bw="6">
<![CDATA[
multi_loop_2_begin:4  %zext_ln11_1 = zext i6 %add_ln11 to i64

]]></Node>
<StgValue><ssdm name="zext_ln11_1"/></StgValue>
</operation>

<operation id="34" st_id="3" stage="1" lat="1">
<core>NULL</core>
<MemPortIdVec></MemPortIdVec>
<condition id="-1">
<or_exp><and_exp><literal name="icmp_ln10" val="0"/>
</and_exp></or_exp>
</condition>

<Node id="33" bw="4" op_0_bw="32" op_1_bw="64" op_2_bw="64">
<![CDATA[
multi_loop_2_begin:5  %C_addr = getelementptr [16 x i32]* %C, i64 0, i64 %zext_ln11_1

]]></Node>
<StgValue><ssdm name="C_addr"/></StgValue>
</operation>

<operation id="35" st_id="3" stage="1" lat="1">
<core>NULL</core>
<MemPortIdVec></MemPortIdVec>
<condition id="-1">
<or_exp><and_exp><literal name="icmp_ln10" val="0"/>
</and_exp></or_exp>
</condition>

<Node id="34" bw="0" op_0_bw="0">
<![CDATA[
multi_loop_2_begin:6  br label %3

]]></Node>
<StgValue><ssdm name="br_ln13"/></StgValue>
</operation>

<operation id="36" st_id="3" stage="1" lat="1">
<core>NULL</core>
<MemPortIdVec></MemPortIdVec>
<condition id="-1">
<or_exp><and_exp><literal name="icmp_ln10" val="1"/>
</and_exp></or_exp>
</condition>

<Node id="63" bw="32" op_0_bw="32" op_1_bw="0" op_2_bw="32">
<![CDATA[
multi_loop_1_end:0  %empty_5 = call i32 (...)* @_ssdm_op_SpecRegionEnd([13 x i8]* @p_str, i32 %tmp) nounwind

]]></Node>
<StgValue><ssdm name="empty_5"/></StgValue>
</operation>

<operation id="37" st_id="3" stage="1" lat="1">
<core>NULL</core>
<MemPortIdVec></MemPortIdVec>
<condition id="-1">
<or_exp><and_exp><literal name="icmp_ln10" val="1"/>
</and_exp></or_exp>
</condition>

<Node id="64" bw="0" op_0_bw="0">
<![CDATA[
multi_loop_1_end:1  br label %1

]]></Node>
<StgValue><ssdm name="br_ln8"/></StgValue>
</operation>
</state>

<state id="4" st_id="4">

<operation id="38" st_id="4" stage="1" lat="1">
<core>NULL</core>
<MemPortIdVec></MemPortIdVec>
<condition id="-1">
<or_exp><and_exp></and_exp></or_exp>
</condition>

<Node id="36" bw="32" op_0_bw="32" op_1_bw="0" op_2_bw="32" op_3_bw="0">
<![CDATA[
:0  %C_load = phi i32 [ 0, %multi_loop_2_begin ], [ %add_ln14, %4 ]

]]></Node>
<StgValue><ssdm name="C_load"/></StgValue>
</operation>

<operation id="39" st_id="4" stage="1" lat="1">
<core>NULL</core>
<MemPortIdVec></MemPortIdVec>
<condition id="-1">
<or_exp><and_exp></and_exp></or_exp>
</condition>

<Node id="37" bw="3" op_0_bw="3" op_1_bw="0" op_2_bw="3" op_3_bw="0">
<![CDATA[
:1  %k_0 = phi i3 [ 0, %multi_loop_2_begin ], [ %k, %4 ]

]]></Node>
<StgValue><ssdm name="k_0"/></StgValue>
</operation>

<operation id="40" st_id="4" stage="1" lat="1">
<core>RAM</core>
<MemPortIdVec>0 </MemPortIdVec>
<condition id="-1">
<or_exp><and_exp></and_exp></or_exp>
</condition>

<Node id="38" bw="0" op_0_bw="32" op_1_bw="4">
<![CDATA[
:2  store i32 %C_load, i32* %C_addr, align 4

]]></Node>
<StgValue><ssdm name="store_ln14"/></StgValue>
</operation>

<operation id="41" st_id="4" stage="1" lat="1">
<core>Cmp</core>
<MemPortIdVec></MemPortIdVec>
<condition id="-1">
<or_exp><and_exp></and_exp></or_exp>
</condition>

<Node id="39" bw="1" op_0_bw="3" op_1_bw="3">
<![CDATA[
:3  %icmp_ln13 = icmp eq i3 %k_0, -4

]]></Node>
<StgValue><ssdm name="icmp_ln13"/></StgValue>
</operation>

<operation id="42" st_id="4" stage="1" lat="1">
<core>NULL</core>
<MemPortIdVec></MemPortIdVec>
<condition id="-1">
<or_exp><and_exp></and_exp></or_exp>
</condition>

<Node id="40" bw="32" op_0_bw="32" op_1_bw="64" op_2_bw="64" op_3_bw="64">
<![CDATA[
:4  %empty_3 = call i32 (...)* @_ssdm_op_SpecLoopTripCount(i64 4, i64 4, i64 4) nounwind

]]></Node>
<StgValue><ssdm name="empty_3"/></StgValue>
</operation>

<operation id="43" st_id="4" stage="1" lat="1">
<core>AddSub</core>
<MemPortIdVec></MemPortIdVec>
<condition id="-1">
<or_exp><and_exp></and_exp></or_exp>
</condition>

<Node id="41" bw="3" op_0_bw="3" op_1_bw="3">
<![CDATA[
:5  %k = add i3 %k_0, 1

]]></Node>
<StgValue><ssdm name="k"/></StgValue>
</operation>

<operation id="44" st_id="4" stage="1" lat="1">
<core>NULL</core>
<MemPortIdVec></MemPortIdVec>
<condition id="-1">
<or_exp><and_exp></and_exp></or_exp>
</condition>

<Node id="42" bw="0" op_0_bw="1" op_1_bw="0" op_2_bw="0">
<![CDATA[
:6  br i1 %icmp_ln13, label %multi_loop_2_end, label %4

]]></Node>
<StgValue><ssdm name="br_ln13"/></StgValue>
</operation>

<operation id="45" st_id="4" stage="1" lat="1">
<core>NULL</core>
<MemPortIdVec></MemPortIdVec>
<condition id="-1">
<or_exp><and_exp><literal name="icmp_ln13" val="0"/>
</and_exp></or_exp>
</condition>

<Node id="45" bw="6" op_0_bw="3">
<![CDATA[
:1  %zext_ln14 = zext i3 %k_0 to i6

]]></Node>
<StgValue><ssdm name="zext_ln14"/></StgValue>
</operation>

<operation id="46" st_id="4" stage="1" lat="1">
<core>AddSub</core>
<MemPortIdVec></MemPortIdVec>
<condition id="-1">
<or_exp><and_exp><literal name="icmp_ln13" val="0"/>
</and_exp></or_exp>
</condition>

<Node id="46" bw="6" op_0_bw="6" op_1_bw="6">
<![CDATA[
:2  %add_ln14_1 = add i6 %zext_ln14, %zext_ln10

]]></Node>
<StgValue><ssdm name="add_ln14_1"/></StgValue>
</operation>

<operation id="47" st_id="4" stage="1" lat="1">
<core>NULL</core>
<MemPortIdVec></MemPortIdVec>
<condition id="-1">
<or_exp><and_exp><literal name="icmp_ln13" val="0"/>
</and_exp></or_exp>
</condition>

<Node id="47" bw="64" op_0_bw="6">
<![CDATA[
:3  %zext_ln14_1 = zext i6 %add_ln14_1 to i64

]]></Node>
<StgValue><ssdm name="zext_ln14_1"/></StgValue>
</operation>

<operation id="48" st_id="4" stage="1" lat="1">
<core>NULL</core>
<MemPortIdVec></MemPortIdVec>
<condition id="-1">
<or_exp><and_exp><literal name="icmp_ln13" val="0"/>
</and_exp></or_exp>
</condition>

<Node id="48" bw="4" op_0_bw="32" op_1_bw="64" op_2_bw="64">
<![CDATA[
:4  %A_addr = getelementptr [16 x i32]* %A, i64 0, i64 %zext_ln14_1

]]></Node>
<StgValue><ssdm name="A_addr"/></StgValue>
</operation>

<operation id="49" st_id="4" stage="1" lat="1">
<core>NULL</core>
<MemPortIdVec></MemPortIdVec>
<condition id="-1">
<or_exp><and_exp><literal name="icmp_ln13" val="0"/>
</and_exp></or_exp>
</condition>

<Node id="49" bw="5" op_0_bw="5" op_1_bw="3" op_2_bw="2">
<![CDATA[
:5  %tmp_3 = call i5 @_ssdm_op_BitConcatenate.i5.i3.i2(i3 %k_0, i2 0)

]]></Node>
<StgValue><ssdm name="tmp_3"/></StgValue>
</operation>

<operation id="50" st_id="4" stage="1" lat="1">
<core>NULL</core>
<MemPortIdVec></MemPortIdVec>
<condition id="-1">
<or_exp><and_exp><literal name="icmp_ln13" val="0"/>
</and_exp></or_exp>
</condition>

<Node id="50" bw="6" op_0_bw="5">
<![CDATA[
:6  %zext_ln14_2 = zext i5 %tmp_3 to i6

]]></Node>
<StgValue><ssdm name="zext_ln14_2"/></StgValue>
</operation>

<operation id="51" st_id="4" stage="1" lat="1">
<core>AddSub</core>
<MemPortIdVec></MemPortIdVec>
<condition id="-1">
<or_exp><and_exp><literal name="icmp_ln13" val="0"/>
</and_exp></or_exp>
</condition>

<Node id="51" bw="6" op_0_bw="6" op_1_bw="6">
<![CDATA[
:7  %add_ln14_2 = add i6 %zext_ln11, %zext_ln14_2

]]></Node>
<StgValue><ssdm name="add_ln14_2"/></StgValue>
</operation>

<operation id="52" st_id="4" stage="1" lat="1">
<core>NULL</core>
<MemPortIdVec></MemPortIdVec>
<condition id="-1">
<or_exp><and_exp><literal name="icmp_ln13" val="0"/>
</and_exp></or_exp>
</condition>

<Node id="52" bw="64" op_0_bw="6">
<![CDATA[
:8  %zext_ln14_3 = zext i6 %add_ln14_2 to i64

]]></Node>
<StgValue><ssdm name="zext_ln14_3"/></StgValue>
</operation>

<operation id="53" st_id="4" stage="1" lat="1">
<core>NULL</core>
<MemPortIdVec></MemPortIdVec>
<condition id="-1">
<or_exp><and_exp><literal name="icmp_ln13" val="0"/>
</and_exp></or_exp>
</condition>

<Node id="53" bw="4" op_0_bw="32" op_1_bw="64" op_2_bw="64">
<![CDATA[
:9  %B_addr = getelementptr [16 x i32]* %B, i64 0, i64 %zext_ln14_3

]]></Node>
<StgValue><ssdm name="B_addr"/></StgValue>
</operation>

<operation id="54" st_id="4" stage="2" lat="2">
<core>RAM</core>
<MemPortIdVec>0 </MemPortIdVec>
<condition id="-1">
<or_exp><and_exp><literal name="icmp_ln13" val="0"/>
</and_exp></or_exp>
</condition>

<Node id="54" bw="32" op_0_bw="4">
<![CDATA[
:10  %A_load = load i32* %A_addr, align 4

]]></Node>
<StgValue><ssdm name="A_load"/></StgValue>
</operation>

<operation id="55" st_id="4" stage="2" lat="2">
<core>RAM</core>
<MemPortIdVec>0 </MemPortIdVec>
<condition id="-1">
<or_exp><and_exp><literal name="icmp_ln13" val="0"/>
</and_exp></or_exp>
</condition>

<Node id="55" bw="32" op_0_bw="4">
<![CDATA[
:11  %B_load = load i32* %B_addr, align 4

]]></Node>
<StgValue><ssdm name="B_load"/></StgValue>
</operation>

<operation id="56" st_id="4" stage="1" lat="1">
<core>NULL</core>
<MemPortIdVec></MemPortIdVec>
<condition id="-1">
<or_exp><and_exp><literal name="icmp_ln13" val="1"/>
</and_exp></or_exp>
</condition>

<Node id="60" bw="32" op_0_bw="32" op_1_bw="0" op_2_bw="32">
<![CDATA[
multi_loop_2_end:0  %empty_4 = call i32 (...)* @_ssdm_op_SpecRegionEnd([13 x i8]* @p_str1, i32 %tmp_1) nounwind

]]></Node>
<StgValue><ssdm name="empty_4"/></StgValue>
</operation>

<operation id="57" st_id="4" stage="1" lat="1">
<core>NULL</core>
<MemPortIdVec></MemPortIdVec>
<condition id="-1">
<or_exp><and_exp><literal name="icmp_ln13" val="1"/>
</and_exp></or_exp>
</condition>

<Node id="61" bw="0" op_0_bw="0">
<![CDATA[
multi_loop_2_end:1  br label %2

]]></Node>
<StgValue><ssdm name="br_ln10"/></StgValue>
</operation>
</state>

<state id="5" st_id="5">

<operation id="58" st_id="5" stage="1" lat="2">
<core>RAM</core>
<MemPortIdVec>0 </MemPortIdVec>
<condition id="-1">
<or_exp><and_exp></and_exp></or_exp>
</condition>

<Node id="54" bw="32" op_0_bw="4">
<![CDATA[
:10  %A_load = load i32* %A_addr, align 4

]]></Node>
<StgValue><ssdm name="A_load"/></StgValue>
</operation>

<operation id="59" st_id="5" stage="1" lat="2">
<core>RAM</core>
<MemPortIdVec>0 </MemPortIdVec>
<condition id="-1">
<or_exp><and_exp></and_exp></or_exp>
</condition>

<Node id="55" bw="32" op_0_bw="4">
<![CDATA[
:11  %B_load = load i32* %B_addr, align 4

]]></Node>
<StgValue><ssdm name="B_load"/></StgValue>
</operation>
</state>

<state id="6" st_id="6">

<operation id="60" st_id="6" stage="1" lat="1">
<core>Mul</core>
<MemPortIdVec></MemPortIdVec>
<condition id="-1">
<or_exp><and_exp></and_exp></or_exp>
</condition>

<Node id="56" bw="32" op_0_bw="32" op_1_bw="32">
<![CDATA[
:12  %mul_ln14 = mul nsw i32 %A_load, %B_load

]]></Node>
<StgValue><ssdm name="mul_ln14"/></StgValue>
</operation>
</state>

<state id="7" st_id="7">

<operation id="61" st_id="7" stage="1" lat="1">
<core>NULL</core>
<MemPortIdVec></MemPortIdVec>
<condition id="-1">
<or_exp><and_exp></and_exp></or_exp>
</condition>

<Node id="44" bw="0" op_0_bw="0" op_1_bw="0">
<![CDATA[
:0  call void (...)* @_ssdm_op_SpecLoopName([13 x i8]* @p_str2) nounwind

]]></Node>
<StgValue><ssdm name="specloopname_ln13"/></StgValue>
</operation>

<operation id="62" st_id="7" stage="1" lat="1">
<core>AddSub</core>
<MemPortIdVec></MemPortIdVec>
<condition id="-1">
<or_exp><and_exp></and_exp></or_exp>
</condition>

<Node id="57" bw="32" op_0_bw="32" op_1_bw="32">
<![CDATA[
:13  %add_ln14 = add nsw i32 %C_load, %mul_ln14

]]></Node>
<StgValue><ssdm name="add_ln14"/></StgValue>
</operation>

<operation id="63" st_id="7" stage="1" lat="1">
<core>NULL</core>
<MemPortIdVec></MemPortIdVec>
<condition id="-1">
<or_exp><and_exp></and_exp></or_exp>
</condition>

<Node id="58" bw="0" op_0_bw="0">
<![CDATA[
:14  br label %3

]]></Node>
<StgValue><ssdm name="br_ln13"/></StgValue>
</operation>
</state>
</state_list>


<ports>
<port id="74" name="A" dir="0" iftype="1">
<core>RAM</core><StgValue><ssdm name="A"/><MemPortTyVec>1 3 </MemPortTyVec>
</StgValue>
</port>
<port id="75" name="B" dir="0" iftype="1">
<core>RAM</core><StgValue><ssdm name="B"/><MemPortTyVec>1 3 </MemPortTyVec>
</StgValue>
</port>
<port id="76" name="C" dir="1" iftype="1">
<core>RAM</core><StgValue><ssdm name="C"/><MemPortTyVec>0 3 </MemPortTyVec>
</StgValue>
</port>
</ports>


<dataflows>
<dataflow id="78" from="_ssdm_op_SpecBitsMap" to="specbitsmap_ln0" fromId="77" toId="8">
</dataflow>
<dataflow id="79" from="A" to="specbitsmap_ln0" fromId="74" toId="8">
</dataflow>
<dataflow id="80" from="_ssdm_op_SpecBitsMap" to="specbitsmap_ln0" fromId="77" toId="9">
</dataflow>
<dataflow id="81" from="B" to="specbitsmap_ln0" fromId="75" toId="9">
</dataflow>
<dataflow id="82" from="_ssdm_op_SpecBitsMap" to="specbitsmap_ln0" fromId="77" toId="10">
</dataflow>
<dataflow id="83" from="C" to="specbitsmap_ln0" fromId="76" toId="10">
</dataflow>
<dataflow id="85" from="_ssdm_op_SpecTopModule" to="spectopmodule_ln0" fromId="84" toId="11">
</dataflow>
<dataflow id="87" from="mat_multi_str" to="spectopmodule_ln0" fromId="86" toId="11">
</dataflow>
<dataflow id="89" from="StgValue_88" to="i_0" fromId="88" toId="13">
<condition id="-1">
<or_exp><and_exp></and_exp></or_exp>
</condition>
</dataflow>
<dataflow id="90" from="br_ln8" to="i_0" fromId="12" toId="13">
</dataflow>
<dataflow id="91" from="i" to="i_0" fromId="16" toId="13">
<BackEdge/>
<condition id="-1">
<or_exp><and_exp><literal name="icmp_ln10" val="1"/>
</and_exp></or_exp>
</condition>
</dataflow>
<dataflow id="92" from="br_ln8" to="i_0" fromId="37" toId="13">
<BackEdge/>
</dataflow>
<dataflow id="93" from="i_0" to="icmp_ln8" fromId="13" toId="14">
</dataflow>
<dataflow id="95" from="StgValue_94" to="icmp_ln8" fromId="94" toId="14">
</dataflow>
<dataflow id="97" from="_ssdm_op_SpecLoopTripCount" to="empty" fromId="96" toId="15">
</dataflow>
<dataflow id="99" from="StgValue_98" to="empty" fromId="98" toId="15">
</dataflow>
<dataflow id="100" from="StgValue_98" to="empty" fromId="98" toId="15">
</dataflow>
<dataflow id="101" from="StgValue_98" to="empty" fromId="98" toId="15">
</dataflow>
<dataflow id="102" from="i_0" to="i" fromId="13" toId="16">
</dataflow>
<dataflow id="104" from="StgValue_103" to="i" fromId="103" toId="16">
</dataflow>
<dataflow id="105" from="icmp_ln8" to="br_ln8" fromId="14" toId="17">
</dataflow>
<dataflow id="107" from="_ssdm_op_SpecLoopName" to="specloopname_ln8" fromId="106" toId="18">
</dataflow>
<dataflow id="109" from="p_str" to="specloopname_ln8" fromId="108" toId="18">
</dataflow>
<dataflow id="111" from="_ssdm_op_SpecRegionBegin" to="tmp" fromId="110" toId="19">
</dataflow>
<dataflow id="112" from="p_str" to="tmp" fromId="108" toId="19">
</dataflow>
<dataflow id="114" from="_ssdm_op_BitConcatenate.i5.i3.i2" to="tmp_2" fromId="113" toId="20">
</dataflow>
<dataflow id="115" from="i_0" to="tmp_2" fromId="13" toId="20">
</dataflow>
<dataflow id="117" from="StgValue_116" to="tmp_2" fromId="116" toId="20">
</dataflow>
<dataflow id="118" from="tmp_2" to="zext_ln10" fromId="20" toId="21">
</dataflow>
<dataflow id="119" from="StgValue_88" to="j_0" fromId="88" toId="24">
<condition id="-1">
<or_exp><and_exp><literal name="icmp_ln8" val="0"/>
</and_exp></or_exp>
</condition>
</dataflow>
<dataflow id="120" from="br_ln10" to="j_0" fromId="22" toId="24">
</dataflow>
<dataflow id="121" from="j" to="j_0" fromId="27" toId="24">
<BackEdge/>
<condition id="-1">
<or_exp><and_exp><literal name="icmp_ln13" val="1"/>
</and_exp></or_exp>
</condition>
</dataflow>
<dataflow id="122" from="br_ln10" to="j_0" fromId="57" toId="24">
<BackEdge/>
</dataflow>
<dataflow id="123" from="j_0" to="icmp_ln10" fromId="24" toId="25">
</dataflow>
<dataflow id="124" from="StgValue_94" to="icmp_ln10" fromId="94" toId="25">
</dataflow>
<dataflow id="125" from="_ssdm_op_SpecLoopTripCount" to="empty_2" fromId="96" toId="26">
</dataflow>
<dataflow id="126" from="StgValue_98" to="empty_2" fromId="98" toId="26">
</dataflow>
<dataflow id="127" from="StgValue_98" to="empty_2" fromId="98" toId="26">
</dataflow>
<dataflow id="128" from="StgValue_98" to="empty_2" fromId="98" toId="26">
</dataflow>
<dataflow id="129" from="j_0" to="j" fromId="24" toId="27">
</dataflow>
<dataflow id="130" from="StgValue_103" to="j" fromId="103" toId="27">
</dataflow>
<dataflow id="131" from="icmp_ln10" to="br_ln10" fromId="25" toId="28">
</dataflow>
<dataflow id="132" from="_ssdm_op_SpecLoopName" to="specloopname_ln10" fromId="106" toId="29">
</dataflow>
<dataflow id="134" from="p_str1" to="specloopname_ln10" fromId="133" toId="29">
</dataflow>
<dataflow id="135" from="_ssdm_op_SpecRegionBegin" to="tmp_1" fromId="110" toId="30">
</dataflow>
<dataflow id="136" from="p_str1" to="tmp_1" fromId="133" toId="30">
</dataflow>
<dataflow id="137" from="j_0" to="zext_ln11" fromId="24" toId="31">
</dataflow>
<dataflow id="138" from="zext_ln10" to="add_ln11" fromId="21" toId="32">
</dataflow>
<dataflow id="139" from="zext_ln11" to="add_ln11" fromId="31" toId="32">
</dataflow>
<dataflow id="140" from="add_ln11" to="zext_ln11_1" fromId="32" toId="33">
</dataflow>
<dataflow id="141" from="C" to="C_addr" fromId="76" toId="34">
</dataflow>
<dataflow id="143" from="StgValue_142" to="C_addr" fromId="142" toId="34">
</dataflow>
<dataflow id="144" from="zext_ln11_1" to="C_addr" fromId="33" toId="34">
</dataflow>
<dataflow id="146" from="_ssdm_op_SpecRegionEnd" to="empty_5" fromId="145" toId="36">
</dataflow>
<dataflow id="147" from="p_str" to="empty_5" fromId="108" toId="36">
</dataflow>
<dataflow id="148" from="tmp" to="empty_5" fromId="19" toId="36">
</dataflow>
<dataflow id="150" from="StgValue_149" to="C_load" fromId="149" toId="38">
<condition id="-1">
<or_exp><and_exp><literal name="icmp_ln10" val="0"/>
</and_exp></or_exp>
</condition>
</dataflow>
<dataflow id="151" from="br_ln13" to="C_load" fromId="35" toId="38">
</dataflow>
<dataflow id="152" from="add_ln14" to="C_load" fromId="62" toId="38">
<BackEdge/>
<condition id="-1">
<or_exp><and_exp></and_exp></or_exp>
</condition>
</dataflow>
<dataflow id="153" from="br_ln13" to="C_load" fromId="63" toId="38">
<BackEdge/>
</dataflow>
<dataflow id="154" from="StgValue_88" to="k_0" fromId="88" toId="39">
<condition id="-1">
<or_exp><and_exp><literal name="icmp_ln10" val="0"/>
</and_exp></or_exp>
</condition>
</dataflow>
<dataflow id="155" from="br_ln13" to="k_0" fromId="35" toId="39">
</dataflow>
<dataflow id="156" from="k" to="k_0" fromId="43" toId="39">
<BackEdge/>
<condition id="-1">
<or_exp><and_exp></and_exp></or_exp>
</condition>
</dataflow>
<dataflow id="157" from="br_ln13" to="k_0" fromId="63" toId="39">
<BackEdge/>
</dataflow>
<dataflow id="158" from="C_load" to="store_ln14" fromId="38" toId="40">
</dataflow>
<dataflow id="159" from="C_addr" to="store_ln14" fromId="34" toId="40">
</dataflow>
<dataflow id="160" from="k_0" to="icmp_ln13" fromId="39" toId="41">
</dataflow>
<dataflow id="161" from="StgValue_94" to="icmp_ln13" fromId="94" toId="41">
</dataflow>
<dataflow id="162" from="_ssdm_op_SpecLoopTripCount" to="empty_3" fromId="96" toId="42">
</dataflow>
<dataflow id="163" from="StgValue_98" to="empty_3" fromId="98" toId="42">
</dataflow>
<dataflow id="164" from="StgValue_98" to="empty_3" fromId="98" toId="42">
</dataflow>
<dataflow id="165" from="StgValue_98" to="empty_3" fromId="98" toId="42">
</dataflow>
<dataflow id="166" from="k_0" to="k" fromId="39" toId="43">
</dataflow>
<dataflow id="167" from="StgValue_103" to="k" fromId="103" toId="43">
</dataflow>
<dataflow id="168" from="icmp_ln13" to="br_ln13" fromId="41" toId="44">
</dataflow>
<dataflow id="169" from="k_0" to="zext_ln14" fromId="39" toId="45">
</dataflow>
<dataflow id="170" from="zext_ln14" to="add_ln14_1" fromId="45" toId="46">
</dataflow>
<dataflow id="171" from="zext_ln10" to="add_ln14_1" fromId="21" toId="46">
</dataflow>
<dataflow id="172" from="add_ln14_1" to="zext_ln14_1" fromId="46" toId="47">
</dataflow>
<dataflow id="173" from="A" to="A_addr" fromId="74" toId="48">
</dataflow>
<dataflow id="174" from="StgValue_142" to="A_addr" fromId="142" toId="48">
</dataflow>
<dataflow id="175" from="zext_ln14_1" to="A_addr" fromId="47" toId="48">
</dataflow>
<dataflow id="176" from="_ssdm_op_BitConcatenate.i5.i3.i2" to="tmp_3" fromId="113" toId="49">
</dataflow>
<dataflow id="177" from="k_0" to="tmp_3" fromId="39" toId="49">
</dataflow>
<dataflow id="178" from="StgValue_116" to="tmp_3" fromId="116" toId="49">
</dataflow>
<dataflow id="179" from="tmp_3" to="zext_ln14_2" fromId="49" toId="50">
</dataflow>
<dataflow id="180" from="zext_ln11" to="add_ln14_2" fromId="31" toId="51">
</dataflow>
<dataflow id="181" from="zext_ln14_2" to="add_ln14_2" fromId="50" toId="51">
</dataflow>
<dataflow id="182" from="add_ln14_2" to="zext_ln14_3" fromId="51" toId="52">
</dataflow>
<dataflow id="183" from="B" to="B_addr" fromId="75" toId="53">
</dataflow>
<dataflow id="184" from="StgValue_142" to="B_addr" fromId="142" toId="53">
</dataflow>
<dataflow id="185" from="zext_ln14_3" to="B_addr" fromId="52" toId="53">
</dataflow>
<dataflow id="186" from="A_addr" to="A_load" fromId="48" toId="54">
</dataflow>
<dataflow id="187" from="B_addr" to="B_load" fromId="53" toId="55">
</dataflow>
<dataflow id="188" from="_ssdm_op_SpecRegionEnd" to="empty_4" fromId="145" toId="56">
</dataflow>
<dataflow id="189" from="p_str1" to="empty_4" fromId="133" toId="56">
</dataflow>
<dataflow id="190" from="tmp_1" to="empty_4" fromId="30" toId="56">
</dataflow>
<dataflow id="191" from="A_addr" to="A_load" fromId="48" toId="58">
</dataflow>
<dataflow id="192" from="B_addr" to="B_load" fromId="53" toId="59">
</dataflow>
<dataflow id="193" from="A_load" to="mul_ln14" fromId="58" toId="60">
</dataflow>
<dataflow id="194" from="B_load" to="mul_ln14" fromId="59" toId="60">
</dataflow>
<dataflow id="195" from="_ssdm_op_SpecLoopName" to="specloopname_ln13" fromId="106" toId="61">
</dataflow>
<dataflow id="197" from="p_str2" to="specloopname_ln13" fromId="196" toId="61">
</dataflow>
<dataflow id="198" from="C_load" to="add_ln14" fromId="38" toId="62">
</dataflow>
<dataflow id="199" from="mul_ln14" to="add_ln14" fromId="60" toId="62">
</dataflow>
<dataflow id="200" from="icmp_ln8" to="StgValue_2" fromId="14" toId="2">
</dataflow>
<dataflow id="201" from="icmp_ln10" to="StgValue_3" fromId="25" toId="3">
</dataflow>
<dataflow id="202" from="icmp_ln13" to="StgValue_4" fromId="41" toId="4">
</dataflow>
</dataflows>


</stg>
