<annotationInfo>
<annotationInfo>
<item  id="11" filename="mat_multi.c" linenumber="8" name="icmp_ln8" contextFuncName="mat_multi" moduleName="mat_multi" rtlName="icmp_ln8_fu_126_p2" latency="0" BRAM="-1" DSP="-1" FF="0" LUT="9" fileDirectory="C:\FPGA_matrix_multiplication"><\/item>
<item  id="13" filename="mat_multi.c" linenumber="8" name="i" contextFuncName="mat_multi" moduleName="mat_multi" rtlName="i_fu_132_p2" latency="0" BRAM="-1" DSP="-1" FF="0" LUT="12" fileDirectory="C:\FPGA_matrix_multiplication"><\/item>
<item  id="18" filename="mat_multi.c" linenumber="14" name="tmp_2" contextFuncName="mat_multi" moduleName="mat_multi" rtlName="tmp_2_fu_138_p3" latency="0" BRAM="-1" DSP="-1" FF="-1" LUT="-1" fileDirectory="C:\FPGA_matrix_multiplication"><\/item>
<item  id="19" filename="mat_multi.c" linenumber="10" name="zext_ln10" contextFuncName="mat_multi" moduleName="mat_multi" rtlName="zext_ln10_fu_146_p1" latency="0" BRAM="-1" DSP="-1" FF="-1" LUT="-1" fileDirectory="C:\FPGA_matrix_multiplication"><\/item>
<item  id="23" filename="mat_multi.c" linenumber="10" name="icmp_ln10" contextFuncName="mat_multi" moduleName="mat_multi" rtlName="icmp_ln10_fu_150_p2" latency="0" BRAM="-1" DSP="-1" FF="0" LUT="9" fileDirectory="C:\FPGA_matrix_multiplication"><\/item>
<item  id="25" filename="mat_multi.c" linenumber="10" name="j" contextFuncName="mat_multi" moduleName="mat_multi" rtlName="j_fu_156_p2" latency="0" BRAM="-1" DSP="-1" FF="0" LUT="12" fileDirectory="C:\FPGA_matrix_multiplication"><\/item>
<item  id="30" filename="mat_multi.c" linenumber="11" name="zext_ln11" contextFuncName="mat_multi" moduleName="mat_multi" rtlName="zext_ln11_fu_162_p1" latency="0" BRAM="-1" DSP="-1" FF="-1" LUT="-1" fileDirectory="C:\FPGA_matrix_multiplication"><\/item>
<item  id="31" filename="mat_multi.c" linenumber="11" name="add_ln11" contextFuncName="mat_multi" moduleName="mat_multi" rtlName="add_ln11_fu_166_p2" latency="0" BRAM="-1" DSP="-1" FF="0" LUT="15" fileDirectory="C:\FPGA_matrix_multiplication"><\/item>
<item  id="32" filename="mat_multi.c" linenumber="11" name="zext_ln11_1" contextFuncName="mat_multi" moduleName="mat_multi" rtlName="zext_ln11_1_fu_171_p1" latency="0" BRAM="-1" DSP="-1" FF="-1" LUT="-1" fileDirectory="C:\FPGA_matrix_multiplication"><\/item>
<item  id="39" filename="mat_multi.c" linenumber="13" name="icmp_ln13" contextFuncName="mat_multi" moduleName="mat_multi" rtlName="icmp_ln13_fu_176_p2" latency="0" BRAM="-1" DSP="-1" FF="0" LUT="9" fileDirectory="C:\FPGA_matrix_multiplication"><\/item>
<item  id="41" filename="mat_multi.c" linenumber="13" name="k" contextFuncName="mat_multi" moduleName="mat_multi" rtlName="k_fu_182_p2" latency="0" BRAM="-1" DSP="-1" FF="0" LUT="12" fileDirectory="C:\FPGA_matrix_multiplication"><\/item>
<item  id="45" filename="mat_multi.c" linenumber="14" name="zext_ln14" contextFuncName="mat_multi" moduleName="mat_multi" rtlName="zext_ln14_fu_188_p1" latency="0" BRAM="-1" DSP="-1" FF="-1" LUT="-1" fileDirectory="C:\FPGA_matrix_multiplication"><\/item>
<item  id="46" filename="mat_multi.c" linenumber="14" name="add_ln14_1" contextFuncName="mat_multi" moduleName="mat_multi" rtlName="add_ln14_1_fu_192_p2" latency="0" BRAM="-1" DSP="-1" FF="0" LUT="15" fileDirectory="C:\FPGA_matrix_multiplication"><\/item>
<item  id="47" filename="mat_multi.c" linenumber="14" name="zext_ln14_1" contextFuncName="mat_multi" moduleName="mat_multi" rtlName="zext_ln14_1_fu_197_p1" latency="0" BRAM="-1" DSP="-1" FF="-1" LUT="-1" fileDirectory="C:\FPGA_matrix_multiplication"><\/item>
<item  id="49" filename="mat_multi.c" linenumber="14" name="tmp_3" contextFuncName="mat_multi" moduleName="mat_multi" rtlName="tmp_3_fu_202_p3" latency="0" BRAM="-1" DSP="-1" FF="-1" LUT="-1" fileDirectory="C:\FPGA_matrix_multiplication"><\/item>
<item  id="50" filename="mat_multi.c" linenumber="14" name="zext_ln14_2" contextFuncName="mat_multi" moduleName="mat_multi" rtlName="zext_ln14_2_fu_210_p1" latency="0" BRAM="-1" DSP="-1" FF="-1" LUT="-1" fileDirectory="C:\FPGA_matrix_multiplication"><\/item>
<item  id="51" filename="mat_multi.c" linenumber="14" name="add_ln14_2" contextFuncName="mat_multi" moduleName="mat_multi" rtlName="add_ln14_2_fu_214_p2" latency="0" BRAM="-1" DSP="-1" FF="0" LUT="15" fileDirectory="C:\FPGA_matrix_multiplication"><\/item>
<item  id="52" filename="mat_multi.c" linenumber="14" name="zext_ln14_3" contextFuncName="mat_multi" moduleName="mat_multi" rtlName="zext_ln14_3_fu_219_p1" latency="0" BRAM="-1" DSP="-1" FF="-1" LUT="-1" fileDirectory="C:\FPGA_matrix_multiplication"><\/item>
<item  id="56" filename="mat_multi.c" linenumber="14" name="mul_ln14" contextFuncName="mat_multi" moduleName="mat_multi" rtlName="mul_ln14_fu_224_p2" latency="0" BRAM="-1" DSP="3" FF="0" LUT="20" fileDirectory="C:\FPGA_matrix_multiplication"><\/item>
<item  id="57" filename="mat_multi.c" linenumber="14" name="add_ln14" contextFuncName="mat_multi" moduleName="mat_multi" rtlName="add_ln14_fu_228_p2" latency="0" BRAM="-1" DSP="-1" FF="0" LUT="39" fileDirectory="C:\FPGA_matrix_multiplication"><\/item>
<\/annotationInfo>
</annotationInfo>
