<profile>

<section name = "Vivado HLS Report for 'mat_multi'" level="0">
<item name = "Date">Thu Apr  2 12:37:52 2020
</item>
<item name = "Version">2019.2 (Build 2704478 on Wed Nov 06 22:10:23 MST 2019)</item>
<item name = "Project">hw7-Kaitlyn-Evans</item>
<item name = "Solution">solution1</item>
<item name = "Product family">zynq</item>
<item name = "Target device">xc7z020-clg484-1</item>
</section>

<section name = "Performance Estimates" level="0">
<item name = "Timing">
<section name = "" level="1">
<item name = "Summary"><table name="" hasTotal="0">
<keys size="4">Clock, Target, Estimated, Uncertainty</keys>
<column name="ap_clk">10.00 ns, 8.510 ns, 1.25 ns</column>
</table>
</item>
</section>
</item>
<item name = "Latency">
<section name = "" level="1">
<item name = "Summary"><table name="" hasTotal="0">
<keys size="8">, min, max, min, max, min, max, Type</keys>
<column name="">297, 297, 2.970 us, 2.970 us, 297, 297, none</column>
</table>
</item>
<item name = "Detail">
<section name = "" level="1">
<item name = "Instance"><table name="" hasTotal="0">
<keys size="9">Instance, Module, min, max, min, max, min, max, Type</keys>
</table>
</item>
<item name = "Loop"><table name="" hasTotal="0">
<keys size="8">Loop Name, min, max, Latency, achieved, target, Count, Pipelined</keys>
<column name="- multi_loop_1">296, 296, 74, -, -, 4, no</column>
<column name=" + multi_loop_2">72, 72, 18, -, -, 4, no</column>
<column name="  ++ multi_loop_3">16, 16, 4, -, -, 4, no</column>
</table>
</item>
</section>
</item>
</section>
</item>
</section>

<section name = "Utilization Estimates" level="0">
<item name = "Summary"><table name="" hasTotal="1">
<keys size="6">Name, BRAM_18K, DSP48E, FF, LUT, URAM</keys>
<column name="DSP">-, -, -, -, -</column>
<column name="Expression">-, 3, 0, 167, -</column>
<column name="FIFO">-, -, -, -, -</column>
<column name="Instance">-, -, -, -, -</column>
<column name="Memory">-, -, -, -, -</column>
<column name="Multiplexer">-, -, -, 77, -</column>
<column name="Register">-, -, 163, -, -</column>
<specialColumn name="Available">280, 220, 106400, 53200, 0</specialColumn>
<specialColumn name="Utilization (%)">0, 1, ~0, ~0, 0</specialColumn>
</table>
</item>
<item name = "Detail">
<section name = "" level="1">
<item name = "Instance"><table name="" hasTotal="1">
<keys size="7">Instance, Module, BRAM_18K, DSP48E, FF, LUT, URAM</keys>
</table>
</item>
<item name = "DSP48E"><table name="" hasTotal="0">
<keys size="3">Instance, Module, Expression</keys>
</table>
</item>
<item name = "Memory"><table name="" hasTotal="1">
<keys size="10">Memory, Module, BRAM_18K, FF, LUT, URAM, Words, Bits, Banks, W*Bits*Banks</keys>
</table>
</item>
<item name = "FIFO"><table name="" hasTotal="1">
<keys size="8">Name, BRAM_18K, FF, LUT, URAM, Depth, Bits, Size:D*B</keys>
</table>
</item>
<item name = "Expression"><table name="" hasTotal="1">
<keys size="7">Variable Name, Operation, DSP48E, FF, LUT, Bitwidth P0, Bitwidth P1</keys>
<column name="mul_ln14_fu_224_p2">*, 3, 0, 20, 32, 32</column>
<column name="add_ln11_fu_166_p2">+, 0, 0, 15, 6, 6</column>
<column name="add_ln14_1_fu_192_p2">+, 0, 0, 15, 6, 6</column>
<column name="add_ln14_2_fu_214_p2">+, 0, 0, 15, 6, 6</column>
<column name="add_ln14_fu_228_p2">+, 0, 0, 39, 32, 32</column>
<column name="i_fu_132_p2">+, 0, 0, 12, 3, 1</column>
<column name="j_fu_156_p2">+, 0, 0, 12, 3, 1</column>
<column name="k_fu_182_p2">+, 0, 0, 12, 3, 1</column>
<column name="icmp_ln10_fu_150_p2">icmp, 0, 0, 9, 3, 4</column>
<column name="icmp_ln13_fu_176_p2">icmp, 0, 0, 9, 3, 4</column>
<column name="icmp_ln8_fu_126_p2">icmp, 0, 0, 9, 3, 4</column>
</table>
</item>
<item name = "Multiplexer"><table name="" hasTotal="1">
<keys size="5">Name, LUT, Input Size, Bits, Total Bits</keys>
<column name="C_load_reg_102">9, 2, 32, 64</column>
<column name="ap_NS_fsm">41, 8, 1, 8</column>
<column name="i_0_reg_80">9, 2, 3, 6</column>
<column name="j_0_reg_91">9, 2, 3, 6</column>
<column name="k_0_reg_115">9, 2, 3, 6</column>
</table>
</item>
<item name = "Register"><table name="" hasTotal="1">
<keys size="5">Name, FF, LUT, Bits, Const Bits</keys>
<column name="A_load_reg_283">32, 0, 32, 0</column>
<column name="B_load_reg_288">32, 0, 32, 0</column>
<column name="C_addr_reg_260">4, 0, 4, 0</column>
<column name="C_load_reg_102">32, 0, 32, 0</column>
<column name="ap_CS_fsm">7, 0, 7, 0</column>
<column name="i_0_reg_80">3, 0, 3, 0</column>
<column name="i_reg_236">3, 0, 3, 0</column>
<column name="j_0_reg_91">3, 0, 3, 0</column>
<column name="j_reg_250">3, 0, 3, 0</column>
<column name="k_0_reg_115">3, 0, 3, 0</column>
<column name="k_reg_268">3, 0, 3, 0</column>
<column name="mul_ln14_reg_293">32, 0, 32, 0</column>
<column name="zext_ln10_reg_241">3, 0, 6, 3</column>
<column name="zext_ln11_reg_255">3, 0, 6, 3</column>
</table>
</item>
</section>
</item>
</section>

<section name = "Interface" level="0">
<item name = "Summary"><table name="" hasTotal="0">
<keys size="6">RTL Ports, Dir, Bits, Protocol, Source Object, C Type</keys>
<column name="ap_clk">in, 1, ap_ctrl_hs, mat_multi, return value</column>
<column name="ap_rst">in, 1, ap_ctrl_hs, mat_multi, return value</column>
<column name="ap_start">in, 1, ap_ctrl_hs, mat_multi, return value</column>
<column name="ap_done">out, 1, ap_ctrl_hs, mat_multi, return value</column>
<column name="ap_idle">out, 1, ap_ctrl_hs, mat_multi, return value</column>
<column name="ap_ready">out, 1, ap_ctrl_hs, mat_multi, return value</column>
<column name="A_address0">out, 4, ap_memory, A, array</column>
<column name="A_ce0">out, 1, ap_memory, A, array</column>
<column name="A_q0">in, 32, ap_memory, A, array</column>
<column name="B_address0">out, 4, ap_memory, B, array</column>
<column name="B_ce0">out, 1, ap_memory, B, array</column>
<column name="B_q0">in, 32, ap_memory, B, array</column>
<column name="C_address0">out, 4, ap_memory, C, array</column>
<column name="C_ce0">out, 1, ap_memory, C, array</column>
<column name="C_we0">out, 1, ap_memory, C, array</column>
<column name="C_d0">out, 32, ap_memory, C, array</column>
</table>
</item>
</section>
</profile>
