<?xml version="1.0" encoding="UTF-8" ?>
<document>
<!--The data in this file is primarily intended for consumption by Xilinx tools.
The structure and the elements are likely to change over the next few releases.
This means code written to parse this file will need to be revisited each subsequent release.-->
<application name="pn" timeStamp="Fri Jan 24 20:21:43 2020">
<section name="Project Information" visible="false">
<property name="ProjectID" value="2EED1225526647DB941A2807926F4F8A" type="project"/>
<property name="ProjectIteration" value="15" type="project"/>
<property name="ProjectFile" value="C:/Users/Kaitlyn Evans/Desktop/CDA 4203 - CSD Lab/tutorial_1/tutorial_1.xise" type="project"/>
<property name="ProjectCreationTimestamp" value="2020-01-16T13:23:27" type="project"/>
</section>
<section name="Project Statistics" visible="true">
<property name="PROP_Enable_Message_Filtering" value="false" type="design"/>
<property name="PROP_FitterReportFormat" value="HTML" type="process"/>
<property name="PROP_LastAppliedGoal" value="Balanced" type="design"/>
<property name="PROP_LastAppliedStrategy" value="Xilinx Default (unlocked)" type="design"/>
<property name="PROP_ManualCompileOrderImp" value="false" type="design"/>
<property name="PROP_PropSpecInProjFile" value="Store all values" type="design"/>
<property name="PROP_SelectedInstanceHierarchicalPath" value="/fulladder8_fulladder8_sch_tb" type="process"/>
<property name="PROP_Simulator" value="ISim (VHDL/Verilog)" type="design"/>
<property name="PROP_SynthTopFile" value="changed" type="process"/>
<property name="PROP_Top_Level_Module_Type" value="HDL" type="design"/>
<property name="PROP_UseSmartGuide" value="false" type="design"/>
<property name="PROP_UserConstraintEditorPreference" value="Text Editor" type="process"/>
<property name="PROP_intProjectCreationTimestamp" value="2020-01-16T13:23:27" type="design"/>
<property name="PROP_intWbtProjectID" value="2EED1225526647DB941A2807926F4F8A" type="design"/>
<property name="PROP_intWbtProjectIteration" value="15" type="process"/>
<property name="PROP_intWorkingDirLocWRTProjDir" value="Same" type="design"/>
<property name="PROP_intWorkingDirUsed" value="No" type="design"/>
<property name="PROP_selectedSimRootSourceNode_behav" value="work.fulladder8_fulladder8_sch_tb" type="process"/>
<property name="PROP_xilxBitgStart_IntDone" value="true" type="process"/>
<property name="PROP_AutoTop" value="true" type="design"/>
<property name="PROP_DevFamily" value="Spartan6" type="design"/>
<property name="PROP_ibiswriterOutputFile" value="fulladd4" type="process"/>
<property name="PROP_DevDevice" value="xc6slx45" type="design"/>
<property name="PROP_DevFamilyPMName" value="spartan6" type="design"/>
<property name="PROP_DevPackage" value="csg324" type="design"/>
<property name="PROP_Synthesis_Tool" value="XST (VHDL/Verilog)" type="design"/>
<property name="PROP_DevSpeed" value="-3" type="design"/>
<property name="PROP_PreferredLanguage" value="Verilog" type="design"/>
<property name="PROP_netgenPostMapSimModelName" value="fulladd4_map.v" type="process"/>
<property name="PROP_netgenPostParSimModelName" value="fulladd4_timesim.v" type="process"/>
<property name="PROP_netgenPostSynthesisSimModelName" value="fulladd4_synthesis.v" type="process"/>
<property name="PROP_netgenPostXlateSimModelName" value="fulladd4_translate.v" type="process"/>
<property name="FILE_SCHEMATIC" value="1" type="source"/>
<property name="FILE_VERILOG" value="4" type="source"/>
</section>
</application>
</document>
