<?xml version="1.0" encoding="UTF-8"?>
<GenRun Id="impl_1" LaunchPart="xc7z020clg484-1" LaunchTime="1582824868">
  <File Type="BITSTR-BMM" Name="seq_design_FSM_bd.bmm"/>
  <File Type="OPT-METHODOLOGY-DRC" Name="seq_design_FSM_methodology_drc_opted.rpt"/>
  <File Type="INIT-TIMING" Name="seq_design_FSM_timing_summary_init.rpt"/>
  <File Type="ROUTE-PWR" Name="seq_design_FSM_power_routed.rpt"/>
  <File Type="PA-TCL" Name="seq_design_FSM.tcl"/>
  <File Type="OPT-TIMING" Name="seq_design_FSM_timing_summary_opted.rpt"/>
  <File Type="OPT-DCP" Name="seq_design_FSM_opt.dcp"/>
  <File Type="ROUTE-PWR-SUM" Name="seq_design_FSM_power_summary_routed.pb"/>
  <File Type="REPORTS-TCL" Name="seq_design_FSM_reports.tcl"/>
  <File Type="OPT-DRC" Name="seq_design_FSM_drc_opted.rpt"/>
  <File Type="OPT-HWDEF" Name="seq_design_FSM.hwdef"/>
  <File Type="PWROPT-DCP" Name="seq_design_FSM_pwropt.dcp"/>
  <File Type="PWROPT-DRC" Name="seq_design_FSM_drc_pwropted.rpt"/>
  <File Type="PWROPT-TIMING" Name="seq_design_FSM_timing_summary_pwropted.rpt"/>
  <File Type="PLACE-DCP" Name="seq_design_FSM_placed.dcp"/>
  <File Type="PLACE-IO" Name="seq_design_FSM_io_placed.rpt"/>
  <File Type="PLACE-CLK" Name="seq_design_FSM_clock_utilization_placed.rpt"/>
  <File Type="PLACE-UTIL" Name="seq_design_FSM_utilization_placed.rpt"/>
  <File Type="PLACE-UTIL-PB" Name="seq_design_FSM_utilization_placed.pb"/>
  <File Type="PLACE-CTRL" Name="seq_design_FSM_control_sets_placed.rpt"/>
  <File Type="PLACE-SIMILARITY" Name="seq_design_FSM_incremental_reuse_placed.rpt"/>
  <File Type="PLACE-PRE-SIMILARITY" Name="seq_design_FSM_incremental_reuse_pre_placed.rpt"/>
  <File Type="PLACE-TIMING" Name="seq_design_FSM_timing_summary_placed.rpt"/>
  <File Type="POSTPLACE-PWROPT-DCP" Name="seq_design_FSM_postplace_pwropt.dcp"/>
  <File Type="BG-BIN" Name="seq_design_FSM.bin"/>
  <File Type="POSTPLACE-PWROPT-TIMING" Name="seq_design_FSM_timing_summary_postplace_pwropted.rpt"/>
  <File Type="PHYSOPT-DCP" Name="seq_design_FSM_physopt.dcp"/>
  <File Type="PHYSOPT-DRC" Name="seq_design_FSM_drc_physopted.rpt"/>
  <File Type="BITSTR-MSK" Name="seq_design_FSM.msk"/>
  <File Type="PHYSOPT-TIMING" Name="seq_design_FSM_timing_summary_physopted.rpt"/>
  <File Type="ROUTE-ERROR-DCP" Name="seq_design_FSM_routed_error.dcp"/>
  <File Type="ROUTE-DCP" Name="seq_design_FSM_routed.dcp"/>
  <File Type="ROUTE-BLACKBOX-DCP" Name="seq_design_FSM_routed_bb.dcp"/>
  <File Type="ROUTE-DRC" Name="seq_design_FSM_drc_routed.rpt"/>
  <File Type="ROUTE-DRC-PB" Name="seq_design_FSM_drc_routed.pb"/>
  <File Type="ROUTE-DRC-RPX" Name="seq_design_FSM_drc_routed.rpx"/>
  <File Type="BITSTR-MMI" Name="seq_design_FSM.mmi"/>
  <File Type="ROUTE-METHODOLOGY-DRC" Name="seq_design_FSM_methodology_drc_routed.rpt"/>
  <File Type="ROUTE-METHODOLOGY-DRC-RPX" Name="seq_design_FSM_methodology_drc_routed.rpx"/>
  <File Type="ROUTE-METHODOLOGY-DRC-PB" Name="seq_design_FSM_methodology_drc_routed.pb"/>
  <File Type="ROUTE-PWR-RPX" Name="seq_design_FSM_power_routed.rpx"/>
  <File Type="ROUTE-STATUS" Name="seq_design_FSM_route_status.rpt"/>
  <File Type="ROUTE-STATUS-PB" Name="seq_design_FSM_route_status.pb"/>
  <File Type="ROUTE-TIMINGSUMMARY" Name="seq_design_FSM_timing_summary_routed.rpt"/>
  <File Type="ROUTE-TIMING-PB" Name="seq_design_FSM_timing_summary_routed.pb"/>
  <File Type="ROUTE-TIMING-RPX" Name="seq_design_FSM_timing_summary_routed.rpx"/>
  <File Type="ROUTE-SIMILARITY" Name="seq_design_FSM_incremental_reuse_routed.rpt"/>
  <File Type="ROUTE-CLK" Name="seq_design_FSM_clock_utilization_routed.rpt"/>
  <File Type="ROUTE-BUS-SKEW" Name="seq_design_FSM_bus_skew_routed.rpt"/>
  <File Type="ROUTE-BUS-SKEW-PB" Name="seq_design_FSM_bus_skew_routed.pb"/>
  <File Type="ROUTE-BUS-SKEW-RPX" Name="seq_design_FSM_bus_skew_routed.rpx"/>
  <File Type="POSTROUTE-PHYSOPT-DCP" Name="seq_design_FSM_postroute_physopt.dcp"/>
  <File Type="POSTROUTE-PHYSOPT-BLACKBOX-DCP" Name="seq_design_FSM_postroute_physopt_bb.dcp"/>
  <File Type="POSTROUTE-PHYSOPT-TIMING" Name="seq_design_FSM_timing_summary_postroute_physopted.rpt"/>
  <File Type="POSTROUTE-PHYSOPT-TIMING-PB" Name="seq_design_FSM_timing_summary_postroute_physopted.pb"/>
  <File Type="POSTROUTE-PHYSOPT-TIMING-RPX" Name="seq_design_FSM_timing_summary_postroute_physopted.rpx"/>
  <File Type="POSTROUTE-PHYSOPT-BUS-SKEW" Name="seq_design_FSM_bus_skew_postroute_physopted.rpt"/>
  <File Type="POSTROUTE-PHYSOPT-BUS-SKEW-PB" Name="seq_design_FSM_bus_skew_postroute_physopted.pb"/>
  <File Type="BG-BIT" Name="seq_design_FSM.bit"/>
  <File Type="POSTROUTE-PHYSOPT-BUS-SKEW-RPX" Name="seq_design_FSM_bus_skew_postroute_physopted.rpx"/>
  <File Type="BITSTR-RBT" Name="seq_design_FSM.rbt"/>
  <File Type="BITSTR-NKY" Name="seq_design_FSM.nky"/>
  <File Type="PDI-FILE" Name="seq_design_FSM.pdi"/>
  <File Type="RCFI_FILE" Name="seq_design_FSM.rcfi"/>
  <File Type="CFI_FILE" Name="seq_design_FSM.cfi"/>
  <File Type="RNPI_FILE" Name="seq_design_FSM.rnpi"/>
  <File Type="NPI_FILE" Name="seq_design_FSM.npi"/>
  <File Type="RBD_FILE" Name="seq_design_FSM.rbd"/>
  <File Type="BITSTR-LTX" Name="debug_nets.ltx"/>
  <File Type="BITSTR-LTX" Name="seq_design_FSM.ltx"/>
  <File Type="BITSTR-SYSDEF" Name="seq_design_FSM.sysdef"/>
  <File Type="BG-BGN" Name="seq_design_FSM.bgn"/>
  <File Type="BG-DRC" Name="seq_design_FSM.drc"/>
  <File Type="RDI-RDI" Name="seq_design_FSM.vdi"/>
  <File Type="WBT-USG" Name="usage_statistics_webtalk.html"/>
  <FileSet Name="sources" Type="DesignSrcs" RelSrcDir="$PSRCDIR/sources_1">
    <Filter Type="Srcs"/>
    <File Path="$PSRCDIR/sources_1/new/seq_design_FSM.vhd">
      <FileInfo>
        <Attr Name="UsedIn" Val="synthesis"/>
        <Attr Name="UsedIn" Val="simulation"/>
      </FileInfo>
    </File>
    <Config>
      <Option Name="DesignMode" Val="RTL"/>
      <Option Name="TopModule" Val="seq_design_FSM"/>
      <Option Name="TopLib" Val="xil_defaultlib"/>
      <Option Name="TopArchitecture" Val="moore_tb"/>
      <Option Name="TopAutoSet" Val="TRUE"/>
    </Config>
  </FileSet>
  <FileSet Name="constrs_in" Type="Constrs" RelSrcDir="$PSRCDIR/constrs_1">
    <Filter Type="Constrs"/>
    <File Path="$PSRCDIR/constrs_1/imports/A5-Kaitlyn-Evans-Q1/A5_p1.xdc">
      <FileInfo>
        <Attr Name="ImportPath" Val="$PPRDIR/../A5_p1.xdc"/>
        <Attr Name="ImportTime" Val="1582209008"/>
        <Attr Name="UsedIn" Val="synthesis"/>
        <Attr Name="UsedIn" Val="implementation"/>
      </FileInfo>
    </File>
    <Config>
      <Option Name="ConstrsType" Val="XDC"/>
    </Config>
  </FileSet>
  <FileSet Name="utils" Type="Utils" RelSrcDir="$PSRCDIR/utils_1">
    <Filter Type="Utils"/>
    <Config>
      <Option Name="TopAutoSet" Val="TRUE"/>
    </Config>
  </FileSet>
  <Strategy Version="1" Minor="2">
    <StratHandle Name="Vivado Implementation Defaults" Flow="Vivado Implementation 2019"/>
    <Step Id="init_design"/>
    <Step Id="opt_design"/>
    <Step Id="power_opt_design"/>
    <Step Id="place_design"/>
    <Step Id="post_place_power_opt_design"/>
    <Step Id="phys_opt_design" EnableStepBool="1"/>
    <Step Id="route_design"/>
    <Step Id="post_route_phys_opt_design"/>
    <Step Id="write_bitstream"/>
  </Strategy>
</GenRun>
