<?xml version="1.0" encoding="UTF-8"?>
<GenRun Id="synth_1" LaunchPart="xc7z020clg484-1" LaunchTime="1582824806">
  <File Type="PA-TCL" Name="seq_design_FSM.tcl"/>
  <File Type="RDS-PROPCONSTRS" Name="seq_design_FSM_drc_synth.rpt"/>
  <File Type="REPORTS-TCL" Name="seq_design_FSM_reports.tcl"/>
  <File Type="RDS-RDS" Name="seq_design_FSM.vds"/>
  <File Type="RDS-UTIL" Name="seq_design_FSM_utilization_synth.rpt"/>
  <File Type="RDS-UTIL-PB" Name="seq_design_FSM_utilization_synth.pb"/>
  <File Type="RDS-DCP" Name="seq_design_FSM.dcp"/>
  <File Type="VDS-TIMINGSUMMARY" Name="seq_design_FSM_timing_summary_synth.rpt"/>
  <File Type="VDS-TIMING-PB" Name="seq_design_FSM_timing_summary_synth.pb"/>
  <FileSet Name="sources" Type="DesignSrcs" RelSrcDir="$PSRCDIR/sources_1">
    <Filter Type="Srcs"/>
    <File Path="$PSRCDIR/sources_1/new/seq_design_FSM.vhd">
      <FileInfo>
        <Attr Name="UsedIn" Val="synthesis"/>
        <Attr Name="UsedIn" Val="simulation"/>
      </FileInfo>
    </File>
    <Config>
      <Option Name="DesignMode" Val="RTL"/>
      <Option Name="TopModule" Val="seq_design_FSM"/>
      <Option Name="TopLib" Val="xil_defaultlib"/>
      <Option Name="TopArchitecture" Val="moore_tb"/>
      <Option Name="TopAutoSet" Val="TRUE"/>
    </Config>
  </FileSet>
  <FileSet Name="constrs_in" Type="Constrs" RelSrcDir="$PSRCDIR/constrs_1">
    <Filter Type="Constrs"/>
    <File Path="$PSRCDIR/constrs_1/imports/A5-Kaitlyn-Evans-Q1/A5_p1.xdc">
      <FileInfo>
        <Attr Name="ImportPath" Val="$PPRDIR/../A5_p1.xdc"/>
        <Attr Name="ImportTime" Val="1582209008"/>
        <Attr Name="UsedIn" Val="synthesis"/>
        <Attr Name="UsedIn" Val="implementation"/>
      </FileInfo>
    </File>
    <Config>
      <Option Name="ConstrsType" Val="XDC"/>
    </Config>
  </FileSet>
  <FileSet Name="utils" Type="Utils" RelSrcDir="$PSRCDIR/utils_1">
    <Filter Type="Utils"/>
    <Config>
      <Option Name="TopAutoSet" Val="TRUE"/>
    </Config>
  </FileSet>
  <Strategy Version="1" Minor="2">
    <StratHandle Name="Vivado Synthesis Defaults" Flow="Vivado Synthesis 2019"/>
    <Step Id="synth_design"/>
  </Strategy>
</GenRun>
