{
  "Top": "mat_multi",
  "RtlTop": "mat_multi",
  "RtlPrefix": "",
  "SourceLanguage": "c",
  "ResetStyle": "control",
  "GenerateBdFiles": "0",
  "HostMachineBits": "64",
  "Target": {
    "Family": "zynq",
    "Device": "xc7z020",
    "Package": "-clg484",
    "Speed": "-1"
  },
  "HlsSolution": {
    
  },
  "Args": {
    "A": {
      "index": "0",
      "type": {
        "kinds": ["array"],
        "dataType": "int",
        "dataWidth": "32",
        "arraySizes": [
          "4",
          "4"
        ],
        "multiInterfaceRef": [
          "A_address0",
          "A_q0"
        ]
      }
    },
    "B": {
      "index": "1",
      "type": {
        "kinds": ["array"],
        "dataType": "int",
        "dataWidth": "32",
        "arraySizes": [
          "4",
          "4"
        ],
        "multiInterfaceRef": [
          "B_address0",
          "B_q0"
        ]
      }
    },
    "C": {
      "index": "2",
      "type": {
        "kinds": ["array"],
        "dataType": "int",
        "dataWidth": "32",
        "arraySizes": [
          "4",
          "4"
        ],
        "multiInterfaceRef": [
          "C_address0",
          "C_d0"
        ]
      }
    }
  },
  "Return": {
    
  },
  "ClockInfo": {
    "ClockName": "ap_clk",
    "ClockPeriod": "10",
    "IsCombLogic": "0",
    "II": "x",
    "Latency": "297",
    "Uncertainty": "1.25"
  },
  "Xdc": {"OocClocks": ["create_clock -name ap_clk -period 10.000 [get_ports ap_clk]"]},
  "Ipx": {
    "Vendor": "xilinx.com",
    "Library": "hls",
    "Name": "mat_multi",
    "Version": "1.0",
    "DisplayName": "Mat_multi",
    "Revision": "",
    "Description": "An IP generated by Vivado HLS",
    "Taxonomy": "\/VIVADO_HLS_IP",
    "AutoFamilySupport": ""
  },
  "Files": {
    "CSource": ["..\/..\/mat_multi.c"],
    "Vhdl": ["impl\/vhdl\/mat_multi.vhd"],
    "Verilog": ["impl\/verilog\/mat_multi.v"],
    "Misc": ["impl\/misc\/logo.png"],
    "DesignXml": "C:\/FPGA_matrix_multiplication\/hw7-Kaitlyn-Evans\/solution1\/.autopilot\/db\/mat_multi.design.xml",
    "DebugDir": "C:\/FPGA_matrix_multiplication\/hw7-Kaitlyn-Evans\/solution1\/.debug",
    "ProtoInst": ["C:\/FPGA_matrix_multiplication\/hw7-Kaitlyn-Evans\/solution1\/.debug\/mat_multi.protoinst"]
  },
  "SubcoreInfo": {
    "HasXpmMemory": false,
    "HasClockedDsp": false,
    "IP": []
  },
  "Interfaces": {
    "A_address0": {
      "type": "data",
      "dir": "out",
      "width": "4",
      "ctype": {"DATA": {
          "Type": "null",
          "Width": "4"
        }},
      "bundle_name": "A",
      "bundle_role": "address0"
    },
    "A_q0": {
      "type": "data",
      "dir": "in",
      "width": "32",
      "ctype": {"DATA": {
          "Type": "integer signed",
          "Width": "32"
        }},
      "bundle_name": "A",
      "bundle_role": "q0"
    },
    "ap_clk": {
      "type": "clock",
      "ctype": {"CLK": {"Type": "bool"}},
      "bundle_name": "ap_clk",
      "bundle_role": "default",
      "reset": "ap_rst"
    },
    "ap_ctrl": {
      "type": "ap_ctrl",
      "ctrl_ports": "ap_start ap_done ap_idle ap_ready",
      "ctype": {
        "start": {"Type": "bool"},
        "done": {"Type": "bool"},
        "idle": {"Type": "bool"},
        "ready": {"Type": "bool"}
      }
    },
    "ap_rst": {
      "type": "reset",
      "polarity": "ACTIVE_HIGH",
      "ctype": {"RST": {"Type": "bool"}},
      "bundle_name": "ap_rst",
      "bundle_role": "default"
    },
    "B_address0": {
      "type": "data",
      "dir": "out",
      "width": "4",
      "ctype": {"DATA": {
          "Type": "null",
          "Width": "4"
        }},
      "bundle_name": "B",
      "bundle_role": "address0"
    },
    "B_q0": {
      "type": "data",
      "dir": "in",
      "width": "32",
      "ctype": {"DATA": {
          "Type": "integer signed",
          "Width": "32"
        }},
      "bundle_name": "B",
      "bundle_role": "q0"
    },
    "C_address0": {
      "type": "data",
      "dir": "out",
      "width": "4",
      "ctype": {"DATA": {
          "Type": "null",
          "Width": "4"
        }},
      "bundle_name": "C",
      "bundle_role": "address0"
    },
    "C_d0": {
      "type": "data",
      "dir": "out",
      "width": "32",
      "ctype": {"DATA": {
          "Type": "integer signed",
          "Width": "32"
        }},
      "bundle_name": "C",
      "bundle_role": "d0"
    }
  },
  "RtlPorts": {
    "ap_clk": {
      "dir": "in",
      "width": "1"
    },
    "ap_rst": {
      "dir": "in",
      "width": "1"
    },
    "ap_start": {
      "dir": "in",
      "width": "1"
    },
    "ap_done": {
      "dir": "out",
      "width": "1"
    },
    "ap_idle": {
      "dir": "out",
      "width": "1"
    },
    "ap_ready": {
      "dir": "out",
      "width": "1"
    },
    "A_address0": {
      "dir": "out",
      "width": "4"
    },
    "A_ce0": {
      "dir": "out",
      "width": "1"
    },
    "A_q0": {
      "dir": "in",
      "width": "32"
    },
    "B_address0": {
      "dir": "out",
      "width": "4"
    },
    "B_ce0": {
      "dir": "out",
      "width": "1"
    },
    "B_q0": {
      "dir": "in",
      "width": "32"
    },
    "C_address0": {
      "dir": "out",
      "width": "4"
    },
    "C_ce0": {
      "dir": "out",
      "width": "1"
    },
    "C_we0": {
      "dir": "out",
      "width": "1"
    },
    "C_d0": {
      "dir": "out",
      "width": "32"
    }
  },
  "ModuleInfo": {
    "Hierarchy": {"ModuleName": "mat_multi"},
    "Info": {"mat_multi": {
        "FunctionProtocol": "ap_ctrl_hs",
        "isTaskLevelControl": "1",
        "isPipelined": "0",
        "isCombinational": "0",
        "isOneStateSeq": "0"
      }},
    "Metrics": {"mat_multi": {
        "Latency": {
          "LatencyBest": "297",
          "LatencyAvg": "297",
          "LatencyWorst": "297",
          "PipelineII": "298",
          "PipelineDepth": "",
          "PipelineType": "none"
        },
        "Timing": {
          "Target": "10.00",
          "Uncertainty": "1.25",
          "Estimate": "8.510"
        },
        "Loops": [{
            "Name": "multi_loop_1",
            "TripCount": "4",
            "Latency": "296",
            "PipelineII": "",
            "PipelineDepth": "74",
            "Loops": [{
                "Name": "multi_loop_2",
                "TripCount": "4",
                "Latency": "72",
                "PipelineII": "",
                "PipelineDepth": "18",
                "Loops": [{
                    "Name": "multi_loop_3",
                    "TripCount": "4",
                    "Latency": "16",
                    "PipelineII": "",
                    "PipelineDepth": "4"
                  }]
              }]
          }],
        "Area": {
          "DSP48E": "3",
          "FF": "163",
          "LUT": "244",
          "BRAM_18K": "0",
          "URAM": "0"
        }
      }}
  },
  "Sdx": {
    "Target": "none",
    "ProfileOption": "0",
    "ProfileType": "none",
    "XO": "",
    "KernelName": "mat_multi",
    "EnableXoSwEmu": "1"
  },
  "GenData": {
    "DataVersion": "0.2",
    "Time": "2020-04-02 12:37:53 -0400",
    "ToolName": "vivado_hls",
    "ToolVersion": "2019.2"
  }
}
